dispatching_base_number,date,active_vehicles,trips,pickup_datetime,year,month,day,hour,weekday,is_weekend
B02512,2015-01-01,190,1132,2015-01-01,2015,1,1,0,Thursday,False
B02765,2015-01-01,225,1765,2015-01-01,2015,1,1,0,Thursday,False
B02764,2015-01-01,3427,29421,2015-01-01,2015,1,1,0,Thursday,False
B02682,2015-01-01,945,7679,2015-01-01,2015,1,1,0,Thursday,False
B02617,2015-01-01,1228,9537,2015-01-01,2015,1,1,0,Thursday,False
B02598,2015-01-01,870,6903,2015-01-01,2015,1,1,0,Thursday,False
B02598,2015-01-02,785,4768,2015-01-02,2015,1,2,0,Friday,False
B02617,2015-01-02,1137,7065,2015-01-02,2015,1,2,0,Friday,False
B02512,2015-01-02,175,875,2015-01-02,2015,1,2,0,Friday,False
B02682,2015-01-02,890,5506,2015-01-02,2015,1,2,0,Friday,False
B02765,2015-01-02,196,1001,2015-01-02,2015,1,2,0,Friday,False
B02764,2015-01-02,3147,19974,2015-01-02,2015,1,2,0,Friday,False
B02765,2015-01-03,201,1526,2015-01-03,2015,1,3,0,Saturday,True
B02617,2015-01-03,1188,10664,2015-01-03,2015,1,3,0,Saturday,True
B02598,2015-01-03,818,7432,2015-01-03,2015,1,3,0,Saturday,True
B02682,2015-01-03,915,8010,2015-01-03,2015,1,3,0,Saturday,True
B02512,2015-01-03,173,1088,2015-01-03,2015,1,3,0,Saturday,True
B02764,2015-01-03,3215,29729,2015-01-03,2015,1,3,0,Saturday,True
B02512,2015-01-04,147,791,2015-01-04,2015,1,4,0,Sunday,True
B02682,2015-01-04,812,5621,2015-01-04,2015,1,4,0,Sunday,True
B02598,2015-01-04,746,5223,2015-01-04,2015,1,4,0,Sunday,True
B02765,2015-01-04,183,993,2015-01-04,2015,1,4,0,Sunday,True
B02617,2015-01-04,1088,7729,2015-01-04,2015,1,4,0,Sunday,True
B02764,2015-01-04,2862,20441,2015-01-04,2015,1,4,0,Sunday,True
B02512,2015-01-05,194,984,2015-01-05,2015,1,5,0,Monday,False
B02682,2015-01-05,951,6012,2015-01-05,2015,1,5,0,Monday,False
B02617,2015-01-05,1218,7899,2015-01-05,2015,1,5,0,Monday,False
B02764,2015-01-05,3387,20926,2015-01-05,2015,1,5,0,Monday,False
B02598,2015-01-05,907,5798,2015-01-05,2015,1,5,0,Monday,False
B02765,2015-01-05,227,1133,2015-01-05,2015,1,5,0,Monday,False
B02764,2015-01-06,3473,25301,2015-01-06,2015,1,6,0,Tuesday,False
B02682,2015-01-06,1022,7491,2015-01-06,2015,1,6,0,Tuesday,False
B02617,2015-01-06,1336,10128,2015-01-06,2015,1,6,0,Tuesday,False
B02765,2015-01-06,234,1376,2015-01-06,2015,1,6,0,Tuesday,False
B02512,2015-01-06,218,1314,2015-01-06,2015,1,6,0,Tuesday,False
B02598,2015-01-06,933,6816,2015-01-06,2015,1,6,0,Tuesday,False
B02617,2015-01-07,1363,11528,2015-01-07,2015,1,7,0,Wednesday,False
B02682,2015-01-07,1039,9078,2015-01-07,2015,1,7,0,Wednesday,False
B02764,2015-01-07,3603,29949,2015-01-07,2015,1,7,0,Wednesday,False
B02765,2015-01-07,248,1704,2015-01-07,2015,1,7,0,Wednesday,False
B02512,2015-01-07,217,1446,2015-01-07,2015,1,7,0,Wednesday,False
B02598,2015-01-07,974,8397,2015-01-07,2015,1,7,0,Wednesday,False
B02765,2015-01-08,262,1911,2015-01-08,2015,1,8,0,Thursday,False
B02598,2015-01-08,1070,10050,2015-01-08,2015,1,8,0,Thursday,False
B02512,2015-01-08,238,1772,2015-01-08,2015,1,8,0,Thursday,False
B02682,2015-01-08,1135,10416,2015-01-08,2015,1,8,0,Thursday,False
B02764,2015-01-08,3831,33802,2015-01-08,2015,1,8,0,Thursday,False
B02617,2015-01-08,1463,13462,2015-01-08,2015,1,8,0,Thursday,False
B02617,2015-01-09,1455,13165,2015-01-09,2015,1,9,0,Friday,False
B02512,2015-01-09,224,1560,2015-01-09,2015,1,9,0,Friday,False
B02764,2015-01-09,3820,33517,2015-01-09,2015,1,9,0,Friday,False
B02682,2015-01-09,1140,10477,2015-01-09,2015,1,9,0,Friday,False
B02598,2015-01-09,1070,9538,2015-01-09,2015,1,9,0,Friday,False
B02765,2015-01-09,280,2039,2015-01-09,2015,1,9,0,Friday,False
B02682,2015-01-10,1057,11629,2015-01-10,2015,1,10,0,Saturday,True
B02617,2015-01-10,1331,13856,2015-01-10,2015,1,10,0,Saturday,True
B02598,2015-01-10,949,10287,2015-01-10,2015,1,10,0,Saturday,True
B02512,2015-01-10,206,1646,2015-01-10,2015,1,10,0,Saturday,True
B02764,2015-01-10,3558,38864,2015-01-10,2015,1,10,0,Saturday,True
B02765,2015-01-10,245,2202,2015-01-10,2015,1,10,0,Saturday,True
B02765,2015-01-11,220,1672,2015-01-11,2015,1,11,0,Sunday,True
B02598,2015-01-11,832,7176,2015-01-11,2015,1,11,0,Sunday,True
B02682,2015-01-11,943,8461,2015-01-11,2015,1,11,0,Sunday,True
B02764,2015-01-11,3186,27681,2015-01-11,2015,1,11,0,Sunday,True
B02617,2015-01-11,1228,10932,2015-01-11,2015,1,11,0,Sunday,True
B02512,2015-01-11,162,1104,2015-01-11,2015,1,11,0,Sunday,True
B02764,2015-01-12,3499,26852,2015-01-12,2015,1,12,0,Monday,False
B02765,2015-01-12,279,1711,2015-01-12,2015,1,12,0,Monday,False
B02512,2015-01-12,217,1399,2015-01-12,2015,1,12,0,Monday,False
B02598,2015-01-12,964,7915,2015-01-12,2015,1,12,0,Monday,False
B02682,2015-01-12,1082,9107,2015-01-12,2015,1,12,0,Monday,False
B02617,2015-01-12,1323,10662,2015-01-12,2015,1,12,0,Monday,False
B02765,2015-01-13,258,1697,2015-01-13,2015,1,13,0,Tuesday,False
B02598,2015-01-13,975,8713,2015-01-13,2015,1,13,0,Tuesday,False
B02617,2015-01-13,1342,11825,2015-01-13,2015,1,13,0,Tuesday,False
B02512,2015-01-13,234,1652,2015-01-13,2015,1,13,0,Tuesday,False
B02764,2015-01-13,3658,29983,2015-01-13,2015,1,13,0,Tuesday,False
B02682,2015-01-13,1092,9629,2015-01-13,2015,1,13,0,Tuesday,False
B02764,2015-01-14,3736,29550,2015-01-14,2015,1,14,0,Wednesday,False
B02765,2015-01-14,271,1600,2015-01-14,2015,1,14,0,Wednesday,False
B02598,2015-01-14,1030,8870,2015-01-14,2015,1,14,0,Wednesday,False
B02512,2015-01-14,233,1582,2015-01-14,2015,1,14,0,Wednesday,False
B02617,2015-01-14,1405,11965,2015-01-14,2015,1,14,0,Wednesday,False
B02682,2015-01-14,1174,9762,2015-01-14,2015,1,14,0,Wednesday,False
B02512,2015-01-15,237,1636,2015-01-15,2015,1,15,0,Thursday,False
B02682,2015-01-15,1208,10391,2015-01-15,2015,1,15,0,Thursday,False
B02617,2015-01-15,1457,12539,2015-01-15,2015,1,15,0,Thursday,False
B02765,2015-01-15,270,1797,2015-01-15,2015,1,15,0,Thursday,False
B02764,2015-01-15,3840,31214,2015-01-15,2015,1,15,0,Thursday,False
B02598,2015-01-15,1068,9152,2015-01-15,2015,1,15,0,Thursday,False
B02617,2015-01-16,1445,12977,2015-01-16,2015,1,16,0,Friday,False
B02765,2015-01-16,290,2082,2015-01-16,2015,1,16,0,Friday,False
B02764,2015-01-16,3975,34822,2015-01-16,2015,1,16,0,Friday,False
B02682,2015-01-16,1250,11280,2015-01-16,2015,1,16,0,Friday,False
B02512,2015-01-16,234,1481,2015-01-16,2015,1,16,0,Friday,False
B02598,2015-01-16,1079,9838,2015-01-16,2015,1,16,0,Friday,False
B02598,2015-01-17,974,9546,2015-01-17,2015,1,17,0,Saturday,True
B02512,2015-01-17,201,1281,2015-01-17,2015,1,17,0,Saturday,True
B02682,2015-01-17,1137,11382,2015-01-17,2015,1,17,0,Saturday,True
B02765,2015-01-17,252,2160,2015-01-17,2015,1,17,0,Saturday,True
B02617,2015-01-17,1306,12676,2015-01-17,2015,1,17,0,Saturday,True
B02764,2015-01-17,3657,36318,2015-01-17,2015,1,17,0,Saturday,True
B02512,2015-01-18,177,1521,2015-01-18,2015,1,18,0,Sunday,True
B02598,2015-01-18,869,9443,2015-01-18,2015,1,18,0,Sunday,True
B02765,2015-01-18,248,2287,2015-01-18,2015,1,18,0,Sunday,True
B02764,2015-01-18,3290,35182,2015-01-18,2015,1,18,0,Sunday,True
B02682,2015-01-18,1056,11161,2015-01-18,2015,1,18,0,Sunday,True
B02617,2015-01-18,1223,12879,2015-01-18,2015,1,18,0,Sunday,True
B02682,2015-01-19,883,7028,2015-01-19,2015,1,19,0,Monday,False
B02617,2015-01-19,992,7775,2015-01-19,2015,1,19,0,Monday,False
B02765,2015-01-19,238,1568,2015-01-19,2015,1,19,0,Monday,False
B02764,2015-01-19,2958,22750,2015-01-19,2015,1,19,0,Monday,False
B02512,2015-01-19,168,1025,2015-01-19,2015,1,19,0,Monday,False
B02598,2015-01-19,706,5609,2015-01-19,2015,1,19,0,Monday,False
B02598,2015-01-20,944,7206,2015-01-20,2015,1,20,0,Tuesday,False
B02682,2015-01-20,1151,8496,2015-01-20,2015,1,20,0,Tuesday,False
B02512,2015-01-20,221,1310,2015-01-20,2015,1,20,0,Tuesday,False
B02764,2015-01-20,3654,26137,2015-01-20,2015,1,20,0,Tuesday,False
B02765,2015-01-20,272,1608,2015-01-20,2015,1,20,0,Tuesday,False
B02617,2015-01-20,1350,10015,2015-01-20,2015,1,20,0,Tuesday,False
B02764,2015-01-21,3718,27344,2015-01-21,2015,1,21,0,Wednesday,False
B02512,2015-01-21,242,1519,2015-01-21,2015,1,21,0,Wednesday,False
B02682,2015-01-21,1228,9472,2015-01-21,2015,1,21,0,Wednesday,False
B02598,2015-01-21,1035,8041,2015-01-21,2015,1,21,0,Wednesday,False
B02765,2015-01-21,296,1774,2015-01-21,2015,1,21,0,Wednesday,False
B02617,2015-01-21,1429,10997,2015-01-21,2015,1,21,0,Wednesday,False
B02617,2015-01-22,1471,12143,2015-01-22,2015,1,22,0,Thursday,False
B02764,2015-01-22,3889,30091,2015-01-22,2015,1,22,0,Thursday,False
B02512,2015-01-22,246,1551,2015-01-22,2015,1,22,0,Thursday,False
B02598,2015-01-22,1071,9080,2015-01-22,2015,1,22,0,Thursday,False
B02682,2015-01-22,1295,10699,2015-01-22,2015,1,22,0,Thursday,False
B02765,2015-01-22,295,2038,2015-01-22,2015,1,22,0,Thursday,False
B02598,2015-01-23,1093,9343,2015-01-23,2015,1,23,0,Friday,False
B02512,2015-01-23,246,1670,2015-01-23,2015,1,23,0,Friday,False
B02765,2015-01-23,299,2162,2015-01-23,2015,1,23,0,Friday,False
B02764,2015-01-23,4040,33756,2015-01-23,2015,1,23,0,Friday,False
B02617,2015-01-23,1482,13121,2015-01-23,2015,1,23,0,Friday,False
B02682,2015-01-23,1330,11767,2015-01-23,2015,1,23,0,Friday,False
B02598,2015-01-24,945,10040,2015-01-24,2015,1,24,0,Saturday,True
B02764,2015-01-24,3652,39187,2015-01-24,2015,1,24,0,Saturday,True
B02512,2015-01-24,211,1608,2015-01-24,2015,1,24,0,Saturday,True
B02617,2015-01-24,1367,14143,2015-01-24,2015,1,24,0,Saturday,True
B02682,2015-01-24,1223,13355,2015-01-24,2015,1,24,0,Saturday,True
B02765,2015-01-24,245,2376,2015-01-24,2015,1,24,0,Saturday,True
B02512,2015-01-25,183,1190,2015-01-25,2015,1,25,0,Sunday,True
B02764,2015-01-25,3300,28066,2015-01-25,2015,1,25,0,Sunday,True
B02765,2015-01-25,226,1755,2015-01-25,2015,1,25,0,Sunday,True
B02598,2015-01-25,829,7219,2015-01-25,2015,1,25,0,Sunday,True
B02682,2015-01-25,1046,9303,2015-01-25,2015,1,25,0,Sunday,True
B02617,2015-01-25,1203,10362,2015-01-25,2015,1,25,0,Sunday,True
B02617,2015-01-26,1150,7608,2015-01-26,2015,1,26,0,Monday,False
B02598,2015-01-26,860,5919,2015-01-26,2015,1,26,0,Monday,False
B02765,2015-01-26,230,1363,2015-01-26,2015,1,26,0,Monday,False
B02764,2015-01-26,3012,19940,2015-01-26,2015,1,26,0,Monday,False
B02682,2015-01-26,1084,7565,2015-01-26,2015,1,26,0,Monday,False
B02512,2015-01-26,197,1000,2015-01-26,2015,1,26,0,Monday,False
B02682,2015-01-27,600,4414,2015-01-27,2015,1,27,0,Tuesday,False
B02765,2015-01-27,135,921,2015-01-27,2015,1,27,0,Tuesday,False
B02617,2015-01-27,596,4325,2015-01-27,2015,1,27,0,Tuesday,False
B02598,2015-01-27,434,2957,2015-01-27,2015,1,27,0,Tuesday,False
B02512,2015-01-27,112,629,2015-01-27,2015,1,27,0,Tuesday,False
B02764,2015-01-27,1619,11998,2015-01-27,2015,1,27,0,Tuesday,False
B02764,2015-01-28,3692,28137,2015-01-28,2015,1,28,0,Wednesday,False
B02682,2015-01-28,1235,10025,2015-01-28,2015,1,28,0,Wednesday,False
B02765,2015-01-28,286,1913,2015-01-28,2015,1,28,0,Wednesday,False
B02617,2015-01-28,1356,10862,2015-01-28,2015,1,28,0,Wednesday,False
B02598,2015-01-28,1011,8071,2015-01-28,2015,1,28,0,Wednesday,False
B02512,2015-01-28,235,1438,2015-01-28,2015,1,28,0,Wednesday,False
B02617,2015-01-29,1474,12600,2015-01-29,2015,1,29,0,Thursday,False
B02764,2015-01-29,3959,31637,2015-01-29,2015,1,29,0,Thursday,False
B02682,2015-01-29,1316,11485,2015-01-29,2015,1,29,0,Thursday,False
B02765,2015-01-29,295,2086,2015-01-29,2015,1,29,0,Thursday,False
B02512,2015-01-29,250,1687,2015-01-29,2015,1,29,0,Thursday,False
B02598,2015-01-29,1082,9499,2015-01-29,2015,1,29,0,Thursday,False
B02512,2015-01-30,256,2016,2015-01-30,2015,1,30,0,Friday,False
B02617,2015-01-30,1501,14793,2015-01-30,2015,1,30,0,Friday,False
B02682,2015-01-30,1384,13852,2015-01-30,2015,1,30,0,Friday,False
B02764,2015-01-30,4124,39110,2015-01-30,2015,1,30,0,Friday,False
B02765,2015-01-30,322,2785,2015-01-30,2015,1,30,0,Friday,False
B02598,2015-01-30,1106,11167,2015-01-30,2015,1,30,0,Friday,False
B02765,2015-01-31,309,3282,2015-01-31,2015,1,31,0,Saturday,True
B02512,2015-01-31,225,1892,2015-01-31,2015,1,31,0,Saturday,True
B02617,2015-01-31,1394,15756,2015-01-31,2015,1,31,0,Saturday,True
B02682,2015-01-31,1321,15388,2015-01-31,2015,1,31,0,Saturday,True
B02764,2015-01-31,3947,44297,2015-01-31,2015,1,31,0,Saturday,True
B02598,2015-01-31,1027,11642,2015-01-31,2015,1,31,0,Saturday,True
B02598,2015-02-01,961,9499,2015-02-01,2015,2,1,0,Sunday,True
B02682,2015-02-01,1214,12436,2015-02-01,2015,2,1,0,Sunday,True
B02512,2015-02-01,193,1377,2015-02-01,2015,2,1,0,Sunday,True
B02765,2015-02-01,289,2672,2015-02-01,2015,2,1,0,Sunday,True
B02617,2015-02-01,1355,13458,2015-02-01,2015,2,1,0,Sunday,True
B02764,2015-02-01,3740,37468,2015-02-01,2015,2,1,0,Sunday,True
B02617,2015-02-02,1217,12216,2015-02-02,2015,2,2,0,Monday,False
B02682,2015-02-02,1152,11981,2015-02-02,2015,2,2,0,Monday,False
B02765,2015-02-02,275,2607,2015-02-02,2015,2,2,0,Monday,False
B02598,2015-02-02,939,9511,2015-02-02,2015,2,2,0,Monday,False
B02764,2015-02-02,3270,30761,2015-02-02,2015,2,2,0,Monday,False
B02512,2015-02-02,227,1904,2015-02-02,2015,2,2,0,Monday,False
B02765,2015-02-03,299,2410,2015-02-03,2015,2,3,0,Tuesday,False
B02598,2015-02-03,991,9602,2015-02-03,2015,2,3,0,Tuesday,False
B02512,2015-02-03,257,1915,2015-02-03,2015,2,3,0,Tuesday,False
B02764,2015-02-03,3674,31641,2015-02-03,2015,2,3,0,Tuesday,False
B02617,2015-02-03,1350,12665,2015-02-03,2015,2,3,0,Tuesday,False
B02682,2015-02-03,1269,11955,2015-02-03,2015,2,3,0,Tuesday,False
B02764,2015-02-04,3856,29994,2015-02-04,2015,2,4,0,Wednesday,False
B02765,2015-02-04,309,2334,2015-02-04,2015,2,4,0,Wednesday,False
B02512,2015-02-04,244,1639,2015-02-04,2015,2,4,0,Wednesday,False
B02682,2015-02-04,1311,11309,2015-02-04,2015,2,4,0,Wednesday,False
B02617,2015-02-04,1393,11959,2015-02-04,2015,2,4,0,Wednesday,False
B02598,2015-02-04,1072,9600,2015-02-04,2015,2,4,0,Wednesday,False
B02617,2015-02-05,1524,14499,2015-02-05,2015,2,5,0,Thursday,False
B02682,2015-02-05,1418,13782,2015-02-05,2015,2,5,0,Thursday,False
B02598,2015-02-05,1179,11609,2015-02-05,2015,2,5,0,Thursday,False
B02512,2015-02-05,264,2022,2015-02-05,2015,2,5,0,Thursday,False
B02765,2015-02-05,355,3011,2015-02-05,2015,2,5,0,Thursday,False
B02764,2015-02-05,4093,35990,2015-02-05,2015,2,5,0,Thursday,False
B02617,2015-02-06,1526,15417,2015-02-06,2015,2,6,0,Friday,False
B02765,2015-02-06,385,3569,2015-02-06,2015,2,6,0,Friday,False
B02598,2015-02-06,1181,11897,2015-02-06,2015,2,6,0,Friday,False
B02512,2015-02-06,261,1989,2015-02-06,2015,2,6,0,Friday,False
B02764,2015-02-06,4170,38693,2015-02-06,2015,2,6,0,Friday,False
B02682,2015-02-06,1414,14375,2015-02-06,2015,2,6,0,Friday,False
B02598,2015-02-07,1031,10512,2015-02-07,2015,2,7,0,Saturday,True
B02512,2015-02-07,211,1504,2015-02-07,2015,2,7,0,Saturday,True
B02617,2015-02-07,1383,13688,2015-02-07,2015,2,7,0,Saturday,True
B02682,2015-02-07,1300,13450,2015-02-07,2015,2,7,0,Saturday,True
B02764,2015-02-07,3849,38530,2015-02-07,2015,2,7,0,Saturday,True
B02765,2015-02-07,345,3473,2015-02-07,2015,2,7,0,Saturday,True
B02764,2015-02-08,3422,29692,2015-02-08,2015,2,8,0,Sunday,True
B02765,2015-02-08,313,2623,2015-02-08,2015,2,8,0,Sunday,True
B02598,2015-02-08,923,8129,2015-02-08,2015,2,8,0,Sunday,True
B02617,2015-02-08,1256,11004,2015-02-08,2015,2,8,0,Sunday,True
B02682,2015-02-08,1136,10356,2015-02-08,2015,2,8,0,Sunday,True
B02512,2015-02-08,176,1196,2015-02-08,2015,2,8,0,Sunday,True
B02617,2015-02-09,1312,10887,2015-02-09,2015,2,9,0,Monday,False
B02682,2015-02-09,1241,10209,2015-02-09,2015,2,9,0,Monday,False
B02598,2015-02-09,976,8135,2015-02-09,2015,2,9,0,Monday,False
B02764,2015-02-09,3543,28266,2015-02-09,2015,2,9,0,Monday,False
B02512,2015-02-09,228,1565,2015-02-09,2015,2,9,0,Monday,False
B02765,2015-02-09,388,2894,2015-02-09,2015,2,9,0,Monday,False
B02764,2015-02-10,3700,29124,2015-02-10,2015,2,10,0,Tuesday,False
B02512,2015-02-10,233,1555,2015-02-10,2015,2,10,0,Tuesday,False
B02617,2015-02-10,1364,11401,2015-02-10,2015,2,10,0,Tuesday,False
B02765,2015-02-10,422,3432,2015-02-10,2015,2,10,0,Tuesday,False
B02682,2015-02-10,1281,10536,2015-02-10,2015,2,10,0,Tuesday,False
B02598,2015-02-10,1029,8718,2015-02-10,2015,2,10,0,Tuesday,False
B02617,2015-02-11,1450,12749,2015-02-11,2015,2,11,0,Wednesday,False
B02764,2015-02-11,3849,31889,2015-02-11,2015,2,11,0,Wednesday,False
B02512,2015-02-11,255,1831,2015-02-11,2015,2,11,0,Wednesday,False
B02598,2015-02-11,1115,10034,2015-02-11,2015,2,11,0,Wednesday,False
B02765,2015-02-11,450,3778,2015-02-11,2015,2,11,0,Wednesday,False
B02682,2015-02-11,1396,12189,2015-02-11,2015,2,11,0,Wednesday,False
B02617,2015-02-12,1532,14263,2015-02-12,2015,2,12,0,Thursday,False
B02512,2015-02-12,269,2092,2015-02-12,2015,2,12,0,Thursday,False
B02682,2015-02-12,1468,13786,2015-02-12,2015,2,12,0,Thursday,False
B02765,2015-02-12,536,4609,2015-02-12,2015,2,12,0,Thursday,False
B02598,2015-02-12,1181,11640,2015-02-12,2015,2,12,0,Thursday,False
B02764,2015-02-12,4137,36844,2015-02-12,2015,2,12,0,Thursday,False
B02617,2015-02-13,1590,16996,2015-02-13,2015,2,13,0,Friday,False
B02682,2015-02-13,1523,16088,2015-02-13,2015,2,13,0,Friday,False
B02764,2015-02-13,4395,43561,2015-02-13,2015,2,13,0,Friday,False
B02765,2015-02-13,599,5909,2015-02-13,2015,2,13,0,Friday,False
B02512,2015-02-13,281,2408,2015-02-13,2015,2,13,0,Friday,False
B02598,2015-02-13,1216,13062,2015-02-13,2015,2,13,0,Friday,False
B02764,2015-02-14,4129,45858,2015-02-14,2015,2,14,0,Saturday,True
B02512,2015-02-14,236,2055,2015-02-14,2015,2,14,0,Saturday,True
B02598,2015-02-14,1111,12678,2015-02-14,2015,2,14,0,Saturday,True
B02765,2015-02-14,583,6307,2015-02-14,2015,2,14,0,Saturday,True
B02617,2015-02-14,1486,16999,2015-02-14,2015,2,14,0,Saturday,True
B02682,2015-02-14,1428,16448,2015-02-14,2015,2,14,0,Saturday,True
B02682,2015-02-15,1261,14517,2015-02-15,2015,2,15,0,Sunday,True
B02764,2015-02-15,3651,41209,2015-02-15,2015,2,15,0,Sunday,True
B02617,2015-02-15,1293,14662,2015-02-15,2015,2,15,0,Sunday,True
B02765,2015-02-15,521,5500,2015-02-15,2015,2,15,0,Sunday,True
B02512,2015-02-15,210,1996,2015-02-15,2015,2,15,0,Sunday,True
B02598,2015-02-15,1003,11517,2015-02-15,2015,2,15,0,Sunday,True
B02598,2015-02-16,934,9052,2015-02-16,2015,2,16,0,Monday,False
B02512,2015-02-16,207,1576,2015-02-16,2015,2,16,0,Monday,False
B02617,2015-02-16,1214,11824,2015-02-16,2015,2,16,0,Monday,False
B02764,2015-02-16,3524,33448,2015-02-16,2015,2,16,0,Monday,False
B02682,2015-02-16,1164,11323,2015-02-16,2015,2,16,0,Monday,False
B02765,2015-02-16,508,4875,2015-02-16,2015,2,16,0,Monday,False
B02764,2015-02-17,3826,32473,2015-02-17,2015,2,17,0,Tuesday,False
B02512,2015-02-17,241,1797,2015-02-17,2015,2,17,0,Tuesday,False
B02682,2015-02-17,1314,11887,2015-02-17,2015,2,17,0,Tuesday,False
B02617,2015-02-17,1378,12524,2015-02-17,2015,2,17,0,Tuesday,False
B02598,2015-02-17,1066,9463,2015-02-17,2015,2,17,0,Tuesday,False
B02765,2015-02-17,578,4907,2015-02-17,2015,2,17,0,Tuesday,False
B02598,2015-02-18,1078,9538,2015-02-18,2015,2,18,0,Wednesday,False
B02682,2015-02-18,1314,11724,2015-02-18,2015,2,18,0,Wednesday,False
B02617,2015-02-18,1394,12016,2015-02-18,2015,2,18,0,Wednesday,False
B02765,2015-02-18,586,5059,2015-02-18,2015,2,18,0,Wednesday,False
B02764,2015-02-18,3842,32317,2015-02-18,2015,2,18,0,Wednesday,False
B02512,2015-02-18,228,1589,2015-02-18,2015,2,18,0,Wednesday,False
B02598,2015-02-19,1127,11739,2015-02-19,2015,2,19,0,Thursday,False
B02512,2015-02-19,250,2120,2015-02-19,2015,2,19,0,Thursday,False
B02682,2015-02-19,1428,14591,2015-02-19,2015,2,19,0,Thursday,False
B02764,2015-02-19,4110,39110,2015-02-19,2015,2,19,0,Thursday,False
B02765,2015-02-19,663,6447,2015-02-19,2015,2,19,0,Thursday,False
B02617,2015-02-19,1452,14750,2015-02-19,2015,2,19,0,Thursday,False
B02764,2015-02-20,4384,44755,2015-02-20,2015,2,20,0,Friday,False
B02617,2015-02-20,1574,16856,2015-02-20,2015,2,20,0,Friday,False
B02598,2015-02-20,1186,12758,2015-02-20,2015,2,20,0,Friday,False
B02682,2015-02-20,1497,16342,2015-02-20,2015,2,20,0,Friday,False
B02765,2015-02-20,736,7824,2015-02-20,2015,2,20,0,Friday,False
B02512,2015-02-20,272,2380,2015-02-20,2015,2,20,0,Friday,False
B02598,2015-02-21,1044,12132,2015-02-21,2015,2,21,0,Saturday,True
B02682,2015-02-21,1374,16149,2015-02-21,2015,2,21,0,Saturday,True
B02765,2015-02-21,685,7658,2015-02-21,2015,2,21,0,Saturday,True
B02617,2015-02-21,1443,16098,2015-02-21,2015,2,21,0,Saturday,True
B02512,2015-02-21,238,2149,2015-02-21,2015,2,21,0,Saturday,True
B02764,2015-02-21,3981,44194,2015-02-21,2015,2,21,0,Saturday,True
B02512,2015-02-22,199,1312,2015-02-22,2015,2,22,0,Sunday,True
B02617,2015-02-22,1248,10696,2015-02-22,2015,2,22,0,Sunday,True
B02682,2015-02-22,1220,10970,2015-02-22,2015,2,22,0,Sunday,True
B02764,2015-02-22,3478,30157,2015-02-22,2015,2,22,0,Sunday,True
B02598,2015-02-22,909,8271,2015-02-22,2015,2,22,0,Sunday,True
B02765,2015-02-22,566,5034,2015-02-22,2015,2,22,0,Sunday,True
B02598,2015-02-23,966,8943,2015-02-23,2015,2,23,0,Monday,False
B02617,2015-02-23,1332,11720,2015-02-23,2015,2,23,0,Monday,False
B02764,2015-02-23,3734,31173,2015-02-23,2015,2,23,0,Monday,False
B02682,2015-02-23,1262,11714,2015-02-23,2015,2,23,0,Monday,False
B02765,2015-02-23,665,5823,2015-02-23,2015,2,23,0,Monday,False
B02512,2015-02-23,238,1844,2015-02-23,2015,2,23,0,Monday,False
B02764,2015-02-24,3965,34686,2015-02-24,2015,2,24,0,Tuesday,False
B02512,2015-02-24,247,1869,2015-02-24,2015,2,24,0,Tuesday,False
B02598,2015-02-24,1061,9954,2015-02-24,2015,2,24,0,Tuesday,False
B02682,2015-02-24,1346,12497,2015-02-24,2015,2,24,0,Tuesday,False
B02617,2015-02-24,1456,13719,2015-02-24,2015,2,24,0,Tuesday,False
B02765,2015-02-24,698,6390,2015-02-24,2015,2,24,0,Tuesday,False
B02512,2015-02-25,246,1647,2015-02-25,2015,2,25,0,Wednesday,False
B02598,2015-02-25,1076,9405,2015-02-25,2015,2,25,0,Wednesday,False
B02765,2015-02-25,706,6178,2015-02-25,2015,2,25,0,Wednesday,False
B02682,2015-02-25,1395,12693,2015-02-25,2015,2,25,0,Wednesday,False
B02617,2015-02-25,1473,12811,2015-02-25,2015,2,25,0,Wednesday,False
B02764,2015-02-25,3934,31957,2015-02-25,2015,2,25,0,Wednesday,False
B02598,2015-02-26,1134,10661,2015-02-26,2015,2,26,0,Thursday,False
B02617,2015-02-26,1539,14461,2015-02-26,2015,2,26,0,Thursday,False
B02682,2015-02-26,1465,13814,2015-02-26,2015,2,26,0,Thursday,False
B02512,2015-02-26,243,1797,2015-02-26,2015,2,26,0,Thursday,False
B02765,2015-02-26,745,6744,2015-02-26,2015,2,26,0,Thursday,False
B02764,2015-02-26,4101,36091,2015-02-26,2015,2,26,0,Thursday,False
B02765,2015-02-27,786,7563,2015-02-27,2015,2,27,0,Friday,False
B02617,2015-02-27,1551,14677,2015-02-27,2015,2,27,0,Friday,False
B02598,2015-02-27,1114,10755,2015-02-27,2015,2,27,0,Friday,False
B02512,2015-02-27,272,2056,2015-02-27,2015,2,27,0,Friday,False
B02764,2015-02-27,4253,38780,2015-02-27,2015,2,27,0,Friday,False
B02682,2015-02-27,1510,14975,2015-02-27,2015,2,27,0,Friday,False
B02598,2015-02-28,994,10319,2015-02-28,2015,2,28,0,Saturday,True
B02764,2015-02-28,3952,39812,2015-02-28,2015,2,28,0,Saturday,True
B02617,2015-02-28,1372,14022,2015-02-28,2015,2,28,0,Saturday,True
B02682,2015-02-28,1386,14472,2015-02-28,2015,2,28,0,Saturday,True
B02512,2015-02-28,230,1803,2015-02-28,2015,2,28,0,Saturday,True
B02765,2015-02-28,747,7753,2015-02-28,2015,2,28,0,Saturday,True
